Name,CMS8-A4-00y10
Comment,CMS 8TeV 0.0<|y|<1.0 A4
Reference,arXiv:1504.03512
Process type,DY
Number of points,8
Number of uncorr.errors,2
Number of corr.errors,0
Number of norm.errors,0
List of norm.errors (relative),
Total cross-section nomalized,False
List of points 
Point id,process id,s[GeV^2],<Q>[GeV],Qmin[GeV],Qmax[GeV],<y>,yMin,yMax,<qT>[GeV],qTMin[GeV],qTMax[GeV],xSec,Uncorr.Err.0,Uncorr.Err.1,Th.Factor,FiducialCuts,kCut1[GeV],kCut2[GeV],etaMin,etaMax
CMS8-A4-00y10.0,1 / 1 / 1 / 24,64000000.0,91.1876,81.0,101.0,0.5,0.0,1.0,5.0,0.0,10.0,0.02,0.002,0.002,0.2,False,20.0,20.0,2.0,4.5
CMS8-A4-00y10.1,1 / 1 / 1 / 24,64000000.0,91.1876,81.0,101.0,0.5,0.0,1.0,15.0,10.0,20.0,0.013,0.003,0.002,0.2,False,20.0,20.0,2.0,4.5
CMS8-A4-00y10.2,1 / 1 / 1 / 24,64000000.0,91.1876,81.0,101.0,0.5,0.0,1.0,27.5,20.0,35.0,0.015,0.003,0.003,0.13333333333333333,False,20.0,20.0,2.0,4.5
CMS8-A4-00y10.3,1 / 1 / 1 / 24,64000000.0,91.1876,81.0,101.0,0.5,0.0,1.0,45.0,35.0,55.0,0.021,0.004,0.004,0.1,False,20.0,20.0,2.0,4.5
CMS8-A4-00y10.4,1 / 1 / 1 / 24,64000000.0,91.1876,81.0,101.0,0.5,0.0,1.0,67.5,55.0,80.0,0.002,0.006,0.004,0.08,False,20.0,20.0,2.0,4.5
CMS8-A4-00y10.5,1 / 1 / 1 / 24,64000000.0,91.1876,81.0,101.0,0.5,0.0,1.0,100.0,80.0,120.0,0.019,0.008,0.005,0.05,False,20.0,20.0,2.0,4.5
CMS8-A4-00y10.6,1 / 1 / 1 / 24,64000000.0,91.1876,81.0,101.0,0.5,0.0,1.0,160.0,120.0,200.0,0.01,0.012,0.007,0.025,False,20.0,20.0,2.0,4.5
CMS8-A4-00y10.7,1 / 1 / 1 / 24,64000000.0,91.1876,81.0,101.0,0.5,0.0,1.0,5099.5,200.0,9999.0,0.029,0.026,0.01,0.0002041024594346362,False,20.0,20.0,2.0,4.5
