Name,CMS8-A4-10y21
Comment,CMS 8TeV 1.0<|y|<2.1 A4
Reference,arXiv:1504.03512
Process type,DY
Number of points,8
Number of uncorr.errors,2
Number of corr.errors,0
Number of norm.errors,0
List of norm.errors (relative),
Total cross-section nomalized,False
List of points 
Point id,process id,s[GeV^2],<Q>[GeV],Qmin[GeV],Qmax[GeV],<y>,yMin,yMax,<qT>[GeV],qTMin[GeV],qTMax[GeV],xSec,Uncorr.Err.0,Uncorr.Err.1,Th.Factor,FiducialCuts,kCut1[GeV],kCut2[GeV],etaMin,etaMax
CMS8-A4-10y21.0,1 / 1 / 1 / 24,64000000.0,91.1876,81.0,101.0,1.55,1.0,2.1,5.0,0.0,10.0,0.076,0.003,0.004,0.2,False,20.0,20.0,2.0,4.5
CMS8-A4-10y21.1,1 / 1 / 1 / 24,64000000.0,91.1876,81.0,101.0,1.55,1.0,2.1,15.0,10.0,20.0,0.072,0.004,0.005,0.2,False,20.0,20.0,2.0,4.5
CMS8-A4-10y21.2,1 / 1 / 1 / 24,64000000.0,91.1876,81.0,101.0,1.55,1.0,2.1,27.5,20.0,35.0,0.044,0.005,0.007,0.13333333333333333,False,20.0,20.0,2.0,4.5
CMS8-A4-10y21.3,1 / 1 / 1 / 24,64000000.0,91.1876,81.0,101.0,1.55,1.0,2.1,45.0,35.0,55.0,0.052,0.007,0.009,0.1,False,20.0,20.0,2.0,4.5
CMS8-A4-10y21.4,1 / 1 / 1 / 24,64000000.0,91.1876,81.0,101.0,1.55,1.0,2.1,67.5,55.0,80.0,0.052,0.009,0.008,0.08,False,20.0,20.0,2.0,4.5
CMS8-A4-10y21.5,1 / 1 / 1 / 24,64000000.0,91.1876,81.0,101.0,1.55,1.0,2.1,100.0,80.0,120.0,0.074,0.011,0.014,0.05,False,20.0,20.0,2.0,4.5
CMS8-A4-10y21.6,1 / 1 / 1 / 24,64000000.0,91.1876,81.0,101.0,1.55,1.0,2.1,160.0,120.0,200.0,0.056,0.016,0.017,0.025,False,20.0,20.0,2.0,4.5
CMS8-A4-10y21.7,1 / 1 / 1 / 24,64000000.0,91.1876,81.0,101.0,1.55,1.0,2.1,5099.5,200.0,9999.0,0.005,0.034,0.017,0.0002041024594346362,False,20.0,20.0,2.0,4.5
