Name,HERMES.av
Comment,Taken from table 2. Bin in Q guessed by us. Errors in g2 are correlated between bins over x. The correlation matrix is saved in: '/home/guillermo/Work/Twist_3/Exp_Data/HERMES/Correlation_Matrix_9BINS.csv' 
Reference,arXiv:1112.5584v3
Process type,G2
Number of points,9
Number of uncorr.errors,3
Number of corr.errors,0
Number of norm.errors,0
List of norm.errors (relative),
Total cross-section nomalized,False
List of points 
Point id,process id,s[GeV^2],<Q>[GeV],Qmin[GeV],Qmax[GeV],<x>,xMin,xMax,xSec,Uncorr.Err.0,Uncorr.Err.1,Uncorr.Err.2,Th.Factor,FiducialCuts,
HERMES.av.0,100,52.657444,0.6164414002968976,0.4242640687119285,4.47213595499958,0.009,0.004,0.014,0.0794,0.052,0.0153,0.0,0.009
HERMES.av.1,100,52.657444,0.8246211251235321,0.4242640687119285,4.47213595499958,0.018,0.014,0.023,0.0668,0.0509,0.0181,0.0,0.018
HERMES.av.2,100,52.657444,1.0392304845413265,0.4242640687119285,4.47213595499958,0.036,0.023,0.05,0.0264463480662597,0.0262,0.0157,0.0010397354617755893,0.036
HERMES.av.3,100,52.657444,1.2609520212918492,0.4242640687119285,4.47213595499958,0.069,0.05,0.09,0.010689700122431759,0.0236,0.015,0.0012187250800096646,0.069
HERMES.av.4,100,52.657444,1.4387494569938157,0.4242640687119285,4.47213595499958,0.118,0.09,0.15,-0.0032751884926241603,0.0212,0.0085,0.0016962284140395205,0.118
HERMES.av.5,100,52.657444,1.5842979517754858,0.4242640687119285,4.47213595499958,0.183,0.15,0.22,0.01988053499535781,0.0086,0.0063,0.0015472571845852666,0.183
HERMES.av.6,100,52.657444,1.797220075561143,0.4242640687119285,4.47213595499958,0.291,0.22,0.4,0.006896491519147577,0.0126,0.0043,0.001851741461017229,0.291
HERMES.av.7,100,52.657444,2.149418526020468,0.4242640687119285,4.47213595499958,0.473,0.4,0.6,-0.018441681651493878,0.0154,0.0075,0.0019951614821869345,0.473
HERMES.av.8,100,52.657444,2.6570660511172846,0.4242640687119285,4.47213595499958,0.654,0.6,0.9,0.018216213360622176,0.0177,0.0073,0.0006810731217061495,0.654
