Name,HERMES.av
Comment,Taken from table 2. Bin in Q guessed by us. Errors in g2 are correlated between bins over x. The correlation matrix is saved in: '/home/guillermo/Work/Twist_3/Exp_Data/HERMES/Correlation_Matrix_9BINS.csv' 
Reference,arXiv:1112.5584v3
Process type,G2
Number of points,9
Number of uncorr.errors,3
Number of corr.errors,0
Number of norm.errors,0
List of norm.errors (relative),
Total cross-section nomalized,False
List of points 
Point id,process id,s[GeV^2],<Q>[GeV],Qmin[GeV],Qmax[GeV],<x>,xMin,xMax,xSec,Uncorr.Err.0,Uncorr.Err.1,Uncorr.Err.2,Th.Factor,FiducialCuts,
HERMES.av.0,100,52.657444,0.6164414002968976,0.4242640687119285,4.47213595499958,0.009,0.004,0.014,8.822222222222223,0.1503,0.052,0.0,1.0
HERMES.av.1,100,52.657444,0.8246211251235321,0.4242640687119285,4.47213595499958,0.018,0.014,0.023,3.7111111111111112,0.30660000000000004,0.0509,0.0,1.0
HERMES.av.2,100,52.657444,1.0392304845413265,0.4242640687119285,4.47213595499958,0.036,0.023,0.05,0.7346207796183251,0.5172,0.0262,0.028881540604877482,1.0
HERMES.av.3,100,52.657444,1.2609520212918492,0.4242640687119285,4.47213595499958,0.069,0.05,0.09,0.15492319018017037,0.7814500000000001,0.0236,0.017662682318980646,1.0
HERMES.av.4,100,52.657444,1.4387494569938157,0.4242640687119285,4.47213595499958,0.118,0.09,0.15,-0.027755834683255598,1.03615,0.0212,0.01437481706813153,1.0
HERMES.av.5,100,52.657444,1.5842979517754858,0.4242640687119285,4.47213595499958,0.183,0.15,0.22,0.10863680325332135,1.25525,0.0086,0.008454957292815665,1.0
HERMES.av.6,100,52.657444,1.797220075561143,0.4242640687119285,4.47213595499958,0.291,0.22,0.4,0.02369928357095387,1.6307,0.0126,0.006363372718272265,1.0
HERMES.av.7,100,52.657444,2.149418526020468,0.4242640687119285,4.47213595499958,0.473,0.4,0.6,-0.03898875613423653,2.3327,0.0154,0.004218100385173223,1.0
HERMES.av.8,100,52.657444,2.6570660511172846,0.4242640687119285,4.47213595499958,0.654,0.6,0.9,0.02785353724865776,3.52465,0.0177,0.0010413962105598616,1.0
