Name,compass23.sivers.h-.dz
Comment,COMPASS SSA-Sivers h- (differential in z)
Reference,2401.00309
Process type,SIDIS
Number of points,8
Number of uncorr.errors,1
Number of corr.errors,0
Number of norm.errors,0
List of norm.errors (relative),
Total cross-section nomalized,False
List of points 
Point id,process id,weightProcess,s[GeV^2],<Q>[GeV],Qmin[GeV],Qmax[GeV],<x>,xMin,xMax,<z>,zMin,zMax,<pT>[GeV],pTMin[GeV],pTMax[GeV],xSec,Uncorr.Err.0,Th.Factor,FiducialCuts,yMin,yMax,W2min[GeV^2],W2max[GeV^2],TargetMass[GeV],ProductMass[GeV]
compass23.sivers.h-.dz.0,1 / 1 / -1 / 12103,1 / 1 / -1 / 2103,301.03984399999996,1.865475810617763,1.0,13.751392656745717,0.045,0.003,0.7,0.22,0.2,0.25,0.45,0.1,1.6,-0.0053,0.0035,1.0,True,0.1,0.9,25.0,10000.0,0.938,0.139
compass23.sivers.h-.dz.0,1 / 1 / -1 / 12103,1 / 1 / -1 / 2103,301.03984399999996,1.8547236990991407,1.0,13.751392656745717,0.045,0.003,0.7,0.27,0.25,0.3,0.48,0.1,1.6,-0.0037,0.0042,1.0,True,0.1,0.9,25.0,10000.0,0.938,0.139
compass23.sivers.h-.dz.0,1 / 1 / -1 / 12103,1 / 1 / -1 / 2103,301.03984399999996,1.8439088914585775,1.0,13.751392656745717,0.045,0.003,0.7,0.32,0.3,0.35,0.5,0.1,1.6,0.0086,0.005,1.0,True,0.1,0.9,25.0,10000.0,0.938,0.139
compass23.sivers.h-.dz.0,1 / 1 / -1 / 12103,1 / 1 / -1 / 2103,301.03984399999996,1.8275666882497066,1.0,13.751392656745717,0.045,0.003,0.7,0.37,0.35,0.4,0.52,0.1,1.6,0.0026,0.0059,1.0,True,0.1,0.9,25.0,10000.0,0.938,0.139
compass23.sivers.h-.dz.0,1 / 1 / -1 / 12103,1 / 1 / -1 / 2103,301.03984399999996,1.8055470085267789,1.0,13.751392656745717,0.044,0.003,0.7,0.45,0.4,0.5,0.54,0.1,1.6,0.0004,0.0052,1.0,True,0.1,0.9,25.0,10000.0,0.938,0.139
compass23.sivers.h-.dz.0,1 / 1 / -1 / 12103,1 / 1 / -1 / 2103,301.03984399999996,1.7635192088548397,1.0,13.751392656745717,0.043,0.003,0.7,0.57,0.5,0.65,0.57,0.1,1.6,0.0084,0.006,1.0,True,0.1,0.9,25.0,10000.0,0.938,0.139
compass23.sivers.h-.dz.0,1 / 1 / -1 / 12103,1 / 1 / -1 / 2103,301.03984399999996,1.6941074346097416,1.0,13.751392656745717,0.04,0.003,0.7,0.72,0.65,0.8,0.57,0.1,1.6,-0.0019,0.0087,1.0,True,0.1,0.9,25.0,10000.0,0.938,0.139
compass23.sivers.h-.dz.0,1 / 1 / -1 / 12103,1 / 1 / -1 / 2103,301.03984399999996,1.5874507866387544,1.0,13.751392656745717,0.037,0.003,0.7,0.88,0.8,1.0,0.48,0.1,1.6,-0.0065,0.0111,1.0,True,0.1,0.9,25.0,10000.0,0.938,0.139
