Name,compass23.sivers.h+.dz
Comment,COMPASS SSA-Sivers h+ (differential in z)
Reference,2401.00309
Process type,SIDIS
Number of points,8
Number of uncorr.errors,1
Number of corr.errors,0
Number of norm.errors,0
List of norm.errors (relative),
Total cross-section nomalized,False
List of points 
Point id,process id,weightProcess,s[GeV^2],<Q>[GeV],Qmin[GeV],Qmax[GeV],<x>,xMin,xMax,<z>,zMin,zMax,<pT>[GeV],pTMin[GeV],pTMax[GeV],xSec,Uncorr.Err.0,Th.Factor,FiducialCuts,yMin,yMax,W2min[GeV^2],W2max[GeV^2],TargetMass[GeV],ProductMass[GeV]
compass23.sivers.h+.dz.0,1 / 1 / 1 / 12103,1 / 1 / 1 / 2103,301.03984399999996,1.8973665961010275,1.0,13.751392656745717,0.047,0.003,0.7,0.22,0.2,0.25,0.45,0.1,1.6,-0.0015,0.0033,1.0,True,0.1,0.9,25.0,10000.0,0.938,0.139
compass23.sivers.h+.dz.0,1 / 1 / 1 / 12103,1 / 1 / 1 / 2103,301.03984399999996,1.9026297590440449,1.0,13.751392656745717,0.049,0.003,0.7,0.27,0.25,0.3,0.47,0.1,1.6,-0.0002,0.0039,1.0,True,0.1,0.9,25.0,10000.0,0.938,0.139
compass23.sivers.h+.dz.0,1 / 1 / 1 / 12103,1 / 1 / 1 / 2103,301.03984399999996,1.9026297590440449,1.0,13.751392656745717,0.049,0.003,0.7,0.32,0.3,0.35,0.5,0.1,1.6,0.0018,0.0045,1.0,True,0.1,0.9,25.0,10000.0,0.938,0.139
compass23.sivers.h+.dz.0,1 / 1 / 1 / 12103,1 / 1 / 1 / 2103,301.03984399999996,1.905255888325765,1.0,13.751392656745717,0.05,0.003,0.7,0.37,0.35,0.4,0.52,0.1,1.6,0.0091,0.0052,1.0,True,0.1,0.9,25.0,10000.0,0.938,0.139
compass23.sivers.h+.dz.0,1 / 1 / 1 / 12103,1 / 1 / 1 / 2103,301.03984399999996,1.9026297590440449,1.0,13.751392656745717,0.05,0.003,0.7,0.45,0.4,0.5,0.54,0.1,1.6,-0.0006,0.0045,1.0,True,0.1,0.9,25.0,10000.0,0.938,0.139
compass23.sivers.h+.dz.0,1 / 1 / 1 / 12103,1 / 1 / 1 / 2103,301.03984399999996,1.8867962264113207,1.0,13.751392656745717,0.05,0.003,0.7,0.57,0.5,0.65,0.58,0.1,1.6,-0.0016,0.0051,1.0,True,0.1,0.9,25.0,10000.0,0.938,0.139
compass23.sivers.h+.dz.0,1 / 1 / 1 / 12103,1 / 1 / 1 / 2103,301.03984399999996,1.8384776310850235,1.0,13.751392656745717,0.049,0.003,0.7,0.72,0.65,0.8,0.6,0.1,1.6,0.0078,0.0073,1.0,True,0.1,0.9,25.0,10000.0,0.938,0.139
compass23.sivers.h+.dz.0,1 / 1 / 1 / 12103,1 / 1 / 1 / 2103,301.03984399999996,1.7291616465790582,1.0,13.751392656745717,0.045,0.003,0.7,0.88,0.8,1.0,0.53,0.1,1.6,0.0042,0.0097,1.0,True,0.1,0.9,25.0,10000.0,0.938,0.139
